<?xml version="1.0" encoding="utf-8"?>
<extension version="2.5" type="plugin" group="system" method="upgrade">
    <name>System - AutoFBook Plugin 2nd</name>
    <author>Daniel Eliasson (www.stilero.com)</author>
    <creationDate>2012-07-10</creationDate>
    <copyright>Copyright (c) 2011 Stilero AB. All rights reserved.</copyright>
    <authorEmail>joomla@stilero.com</authorEmail>
    <authorUrl>www.stilero.com</authorUrl>
    <version>4.3</version>
    <license>GPLv2</license>
    <description>This plugin automatically posts your articles on your FaceBook status. If you like this plugin, show your love and write a review at http://extensions.joomla.org</description>
    <install>
        <sql>
            <file driver="mysql" charset="utf8">autofbook2nd/sql/autofbook_install.sql</file>
        </sql>
    </install>
    <uninstall>
        <sql>
            <file driver="mysql" charset="utf8">autofbook2nd/sql/autofbook_uninstall.sql</file>
        </sql>
    </uninstall>
    <media destination="plg_autofbook2nd">
        <folder>js</folder>
        <folder>images</folder>
        <folder>css</folder>
    </media>
    <files>
        <filename plugin="autofbook2nd">autofbook2nd.php</filename>
        <folder>autofbook2nd</folder>
    </files>
    <languages folder="language">
        <language tag="en-GB">en-GB.plg_system_autofbook2nd.ini</language>
        <language tag="en-GB">en-GB.plg_system_autofbook2nd.sys.ini</language>
        <language tag="sv-SE">sv-SE.plg_system_autofbook2nd.ini</language>
        <language tag="fr-FR">fr-FR.plg_system_autofbook2nd.ini</language>
    </languages>
    <!-- Standard plugin parameters for Joomla! 1.6+ -->
    <config>
        <fields name="params">
            <fieldset name="settings" label="PLG_SYSTEM_AUTOFBOOK_SETTINGS">
                <field 
                    name="section_id"
                    type="categories"
                    label="PLG_SYSTEM_AUTOFBOOK_PARAMSECTID"
                    description="PLG_SYSTEM_AUTOFBOOK_PARAMSECTIDDESC" />
                <field 
                    name="k2cats"
                    type="k2categories"
                    label="PLG_SYSTEM_AUTOFBOOK_PARAMK2CATS"
                    description="PLG_SYSTEM_AUTOFBOOK_PARAMK2CATSDESC" />
                <field name="incl_excl" type="radio" default="0" label="PLG_SYSTEM_AUTOFBOOK_INCL_EXCL" description="PLG_SYSTEM_AUTOFBOOK_INCL_EXCL_DESC">
                    <option value="0">PLG_SYSTEM_AUTOFBOOK_INCLUDE</option>
                    <option value="1">PLG_SYSTEM_AUTOFBOOK_EXCLUDE</option>
                </field>
                <field name="items_newer_than" type="calendar" label="PLG_SYSTEM_AUTOFBOOK_POST_ITEMSNEWER" description="PLG_SYSTEM_AUTOFBOOK_POST_ITEMSNEWER_DESC" format="%Y-%m-%d" />
            </fieldset>
            <fieldset name="advanced" label="PLG_SYSTEM_AUTOFBOOK_FBSETTINGS" addfieldpath="/plugins/system/autofbook/autofbook/elements">
                <field name="register" type="register" label="" />
                <field name="fb_app_id" type="text" required="true" default="" label="PLG_SYSTEM_AUTOFBOOK_APPID" description="PLG_SYSTEM_AUTOFBOOK_APPID_DESC"/>
                <field name="fb_app_secret" type="password" required="true" default="" label="PLG_SYSTEM_AUTOFBOOK_APPSECRET" description="PLG_SYSTEM_AUTOFBOOK_APPSECRET_DESC"/>
                <field name="auth_token" type="text"  default="" label="PLG_SYSTEM_AUTOFBOOK_AUTHTOKEN" description="PLG_SYSTEM_AUTOFBOOK_AUTHTOKEN_DESC"/>
                <field name="auth_code" type="text"  default="" label="PLG_SYSTEM_AUTOFBOOK_AUTHCODE" description="PLG_SYSTEM_AUTOFBOOK_AUTHCODE_DESC"/>
                <field name="authorize" type="authorize" label="" />
                <field name="fbadmin" type="fbadmin" label="" />
                <field name="fb_pages" type="fbpages"  default="" label="PLG_SYSTEM_AUTOFBOOK_PAGEID" description="PLG_SYSTEM_AUTOFBOOK_PAGEID_DESC"/>
                <field name="fb_page_id" type="hidden"  default="" label="PLG_SYSTEM_AUTOFBOOK_PAGEID" description="PLG_SYSTEM_AUTOFBOOK_PAGEID_DESC"/>
                <field name="fbpage_auth_token" type="hidden"  default="" label="PLG_SYSTEM_AUTOFBOOK_AUTHTOKEN" description="PLG_SYSTEM_AUTOFBOOK_AUTHTOKEN_DESC"/>
                <field name="fb_post_as_admin" type="radio" default="1" label="PLG_SYSTEM_AUTOFBOOK_POSTASADMIN" description="PLG_SYSTEM_AUTOFBOOK_POSTASADMIN_DESC">
                        <option value="1">Yes</option>
                        <option value="0">No</option>
                </field>
                <field name="fb_post_type" type="list" default="0" label="PLG_SYSTEM_AUTOFBOOK_POST_ITEM_TYPE" description="PLG_SYSTEM_AUTOFBOOK_POST_ITEM_TYPE_DESC">
                        <option value="0">PLG_SYSTEM_AUTOFBOOK_POST_ITEM_TYPE_LINK</option>
                        <option value="1">PLG_SYSTEM_AUTOFBOOK_POST_ITEM_TYPE_MESSAGE</option>
                </field>	
                <field name="delay" type="text"  default="15" label="PLG_SYSTEM_AUTOFBOOK_DELAYTIME" description="PLG_SYSTEM_AUTOFBOOK_DELAYTIME_DESC"/>
                <field name="pingmessages" type="radio" default="1" label="PLG_SYSTEM_AUTOFBOOK_PARAMPINGMESSAGES" description="PLG_SYSTEM_AUTOFBOOK_PARAMPINGMESSAGESDESC">
                        <option value="1">Yes</option>
                        <option value="0">No</option>
                </field>
                <field name="add_ogtags" type="radio" default="1" label="PLG_SYSTEM_AUTOFBOOK_ADD_OGTAGS" description="PLG_SYSTEM_AUTOFBOOK_ADD_OGTAGS_DESC">
                        <option value="1">Yes</option>
                        <option value="0">No</option>
                </field>
                <field 
                    name="og-img-default" 
                    type="imagelist" 
                    hide_default="true" 
                    directory="images" 
                    default="" 
                    label="PLG_SYSTEM_AUTOFBOOK_OG_DEFAULT_IMG" 
                    description="PLG_SYSTEM_AUTOFBOOK_OG_DEFAULT_IMG_DESC"
                />

            </fieldset>
        </fields>
    </config>
    <administration>
        <languages folder="language">
            <language tag="en-GB">en-GB.plg_system_autofbook2nd.ini</language>
            <language tag="en-GB">en-GB.plg_system_autofbook2nd.sys.ini</language>
            <language tag="sv-SE">sv-SE.plg_system_autofbook2nd.sys.ini</language>
            <language tag="sv-SE">sv-SE.plg_system_autofbook2nd.ini</language>
            <language tag="fr-FR">fr-FR.plg_system_autofbook2nd.ini</language>
        </languages>
    </administration>
</extension>